{"_step": 0, "precision": 0.9249781573941888, "training_time": 0.07612895965576172, "recall": 0.922539220805052, "accuracy": 92.48077792853913, "_timestamp": 1592483632.037902, "_runtime": 214.6655659675598}
